1457650800,0.01687803778735173
1457737200,0.07804521997693618
1457823600,0.15392951428394824
1457910000,-0.18697736833014864
1457996400,0.043825479540029515
1458082800,-0.013878403172077404
1458169200,-0.18170063159548894
1458255600,0.0
1458342000,-0.04086079105185006
1458428400,-0.012689286906491916
1458514800,0.16030626725514296
1458601200,-0.049752970615075
1458687600,0.08913459776017506
1458774000,-0.10419912722157093
1458860400,-0.0484777129873868
1458946800,0.030459207484708654
1459033200,-0.056089466651043585
1459116000,0.11092194527643802
1459202400,0.014523963125514443
1459288800,0.005076153031860568
1459375200,-0.03783770370715593
1459461600,0.018237587549780793
1459548000,-0.0008609557139649717
1459634400,0.011986444880367835
1459720800,-0.052413742684040164
1459807200,-0.06963369175880076
1459893600,0.034029748586311255
1459980000,-0.061321890874318954
1460066400,-0.041357381556085815
1460152800,-0.05940240301580369
1460239200,-0.043557974339129904
1460325600,-0.00917437627604127
1460412000,-0.14212648686045648
1460498400,0.07173368925859805
1460584800,0.044720442547731803
1460671200,-0.01668691878501471
1460757600,0.026098752967361073
1460844000,0.10231137526330852
1460930400,-0.05318670699308219
1461016800,-0.02941388520629334
1461103200,-0.011547472424772106
1461189600,-0.05982645031231784
1461276000,-0.01741337532519789
1461362400,0.059664680816008446
1461448800,-0.04348511193973901
1461535200,-0.07164187965852832
1461621600,-0.005319161477599933
1461708000,0.03922071315328133
1461794400,-0.062148217796985934
1461880800,0.02559062206318836
1461967200,0.16510865835973956
1462053600,-0.013621095951964963
1462140000,0.13353139262452257
1462226400,-0.06827884075329449
1462312800,0.012766130823035751
1462399200,0.03428907347863195
1462485600,-0.04598511324182338
1462572000,0.0
1462658400,0.015915455305899582
1462744800,-0.019129169908995304
1462831200,0.006417134320633509
1462917600,0.05294438261648742
1463004000,0.015052968628962285
1463090400,0.054276886854438273
1463176800,-0.04239555896768562
1463263200,-0.018877858176588838
1463349600,0.10646321738852864
1463436000,0.08550739114439328
1463522400,0.09996519233958956
1463608800,0.08813434173425364
1463695200,-0.055707034775301714
1463781600,0.015113637810048325
1463868000,0.014888612493750777
1463954400,-0.05719981056547356
1464040800,-0.05278471897422054
1464127200,-0.019033088431828906
1464213600,-0.0008009611962046845
1464300000,-0.11538207411884535
1464386400,0.07449330386486715
1464472800,0.035264006529212626
1464559200,0.02467295869546034
1464645600,0.0965958024369395
1464732000,-0.01148612771556814
1464818400,-0.003616640470188439
1464904800,0.0028943580263643353
1464991200,-0.002169982768322693
1465077600,0.010086540846173749
1465164000,0.005718385846994902
1465250400,0.03295075531215919
1465336800,-0.0006898930939377307
1465423200,-0.0027643417741499356
1465509600,-0.03378224128957067
1465596000,0.01280245082037618
1465682400,0.11029531594367444
1465768800,0.11524818005319538
1465855200,0.05486839636988053
1465941600,-0.015062145969460974
1466028000,0.11506932978478729
1466114400,-0.2822219657439828
1466200800,-0.3134215706533564
1466287200,0.08562274164863538
1466373600,-0.043574505405135994
1466460000,0.08378488895527073
1466546400,0.02367426335947681
1466632800,0.037041271680349076
1466719200,0.038521167829195596
1466805600,0.001398601626583598
1466892000,-0.03991976945577922
1466978400,0.015157273221646167
1467064800,-0.13312214359077712
1467151200,0.04402471630099862
1467237600,-0.02137002573619241
1467324000,-0.012072581234269249
1467410400,-0.017150277442633914
1467496800,-0.030102607407911607
1467583200,-0.031036973995576443
1467669600,-0.08113787808198004
1467756000,0.0018975337761914111
1467842400,-0.039637861759038356
1467928800,0.109199291964992
1468015200,-0.03692450089293106
1468101600,0.004576667027411673
1468188000,-0.041012271373649975
1468274400,0.0037986750332157384
1468360800,-0.007611835039629982
1468447200,0.10249107322987334
1468533600,0.02805113799750581
1468620000,-0.017759451960958062
1468706400,-0.0418179396833216
1468792800,-0.01795380361659582
1468879200,0.06232819974121883
1468965600,0.06027412235111374
1469052000,0.005593302636511377
1469138400,0.15608392657709735
1469224800,-0.0290476854402308
1469311200,-0.11909969154113031
1469397600,0.08701137698962969
1469484000,-0.1389289560712669
1469570400,0.08151475504486158
1469656800,-0.012355369528718425
1469743200,0.002328289759591168
1469829600,-0.029899945695674064
1469916000,-0.05415597210237304
1470002400,-0.06802971225044159
1470088800,-0.08668323916880187
1470175200,0.0
1470261600,0.0
1470348000,0.0
1470434400,0.0
1470520800,0.0
1470607200,0.0
1470693600,0.0
1470780000,0.1722645929591044
1470866400,-0.03627559280614837
1470952800,0.0025740039951728426
1471039200,-0.016415055407044233
1471125600,-0.028270433938255474
1471212000,-0.0062921555908892444
1471298400,-0.0018050546417301423
1471384800,-0.03212759107788949
1471471200,-0.002802430605702233
1471557600,-0.0009358915049050915
1471644000,0.052883789179495565
1471730400,-0.01161245742409074
1471816800,0.0008980692116844054
1471903200,-0.013556466083607964
1471989600,-0.0009103323341453737
1472076000,0.036660341377706275
1472162400,-0.015037877364540559
1472248800,-0.0017841217935015538
1472335200,-0.023487981307213742
1472421600,-0.0009144948053879306
1472508000,0.03240607597312348
1472594400,0.029670588369002444
1472680800,0.0494859872128761
1472767200,-0.0073922307874905255
1472853600,-0.009942086864066647
1472940000,-0.023589973426508024
1473026400,0.010178204915756052
1473112800,-0.01017820491575604
1473199200,-0.007702220362092351
1473285600,-0.016457712303043277
1473372000,0.019888247399832366
1473458400,0.03780374555587778
1473544800,-0.03780374555587784
1473631200,0.02702867238791942
1473717600,0.000832986303891771
1473804000,-0.005845528127436187
1473890400,0.005845528127436188
1473976800,0.05428631291718761
1474063200,0.009419221916491778
1474149600,-0.03822121282019774
1474236000,0.04600335326225269
1474322400,0.11346710319081472
1474408800,-0.05038312776423786
1474495200,-0.042369771039013654
1474581600,0.014323652353310016
1474668000,-0.03814344929902638
1474754400,0.014666414959229086
1474840800,-0.011560822401075971
1474927200,0.01385703466142628
1475013600,0.012913206403178624
1475100000,-0.011385322225125352
1475186400,0.015151805020602246
1475272800,-0.009063506153346964
1475359200,-0.0015186031771900162
1475445600,0.021053409197832263
1475532000,-0.0082182009043861
1475618400,-0.016641836415008923
1475704800,-0.020809999513793292
1475791200,-0.011751016535518853
1475877600,-0.03447235121823089
1475964000,-0.020602294416173218
1476050400,-0.023589973426508024
1476136800,0.004253515558056442
1476223200,-0.005106394074574028
1476309600,0.029426250960573525
1476396000,-0.011666798999615393
1476482400,0.006683399982067517
1476568800,-0.002501043404588837
1476655200,0.0016680571006970134
1476741600,0.04401688541677426
1476828000,-0.04485056616535167
1476914400,0.0083056955872784
1477000800,0.005773211911319587
1477087200,0.010634047039922366
1477173600,-0.018062888468503284
1477260000,-0.0066500660700173075
1477346400,-0.05397455574641767
1477432800,0.012248622076199239
1477519200,0.006068505836380879
1477605600,-0.036976043299457445
1477692000,-0.07155862016838511
1477778400,0.08315036833217017
1477868400,-0.028778964550043175
1477954800,-0.01378064986875262
1478041200,0.004614682854672462
1478127600,0.0
1478214000,0.03171992257827924
1478300400,-0.0035746240029592455
1478386800,-0.02355181323612991
1478473200,-0.002753558417182807
1478559600,0.0036697288889624017
1478646000,-0.018484814674102987
1478732400,-0.016933612529439854
1478818800,-0.02595051917274942
1478905200,-0.02564243061333767
1478991600,0.0069686693160934355
1479078000,-0.007968169649176845
1479164400,0.026641930946421092
1479250800,-0.02464392828374816
1479337200,-0.0029985029962565574
1479423600,-0.04818974385718826
1479510000,0.021819047394639888
1479596400,-0.016580690733050824
1479682800,0.004171017517338104
1479769200,0.02365148808196098
1479855600,-0.015361285161487206
1479942000,-0.05189094184768031
1480028400,0.019376278963138895
1480114800,-0.005344748158880928
1480201200,-0.049433457855173724
1480287600,-0.02047853134354079
1480374000,-0.06407885668452229
1480460400,0.0548409156995859
1480546800,-0.018735911057469593
1480633200,-0.09412884475849377
1480719600,0.026907452919924402
1480806000,-0.04658021851862918
1480892400,-0.11944003686401286
1480978800,0.1404106611783178
1481065200,0.07734526860351314
1481151600,-0.003607941376199054
1481238000,0.026160826038672057
1481324400,-0.048086186667637795
1481410800,0.008583743691391435
1481497200,0.031252543504104315
1481583600,-0.010708014272472212
1481670000,-0.018105503632273243
1481756400,-0.04739041346162516
1481842800,0.0038240964384034758
1481929200,-0.016677743841784592
1482015600,0.025544173047425928
1482102000,-0.045139835992476236
1482188400,0.00394997221931429
1482274800,0.03613296298418827
1482361200,-0.0361329629841883
1482447600,-0.06095319090104021
1482534000,0.012491487894029053
1482620400,-0.0027624326959100726
1482706800,0.005517255374754659
1482793200,-0.02084856612154355
1482879600,0.06260547423039599
1482966000,0.08712130938131957
1483052400,-0.013390340059584187
1483138800,-0.019802627296179754
1483225200,0.024692612590371414
1483311600,0.02051973023117654
1483398000,0.15158723315305994
1483484400,0.12165415514392679
1483570800,-0.0804215673105742
1483657200,-0.006920442844573795
1483743600,-0.02409755157906053
1483830000,0.04374454896285696
1483916400,-0.0019474202843955666
1484002800,0.033544112883268154
1484089200,-0.0804354960834728
1484175600,0.0040774776166563
1484262000,-0.01641062469387226
1484348400,0.0
1484434800,0.014373964112068776
1484521200,-0.02059805059507068
1484607600,0.05170944087711836
1484694000,0.0068931833753140305
1484780400,0.018474030503109338
1484866800,0.022858138076049965
1484953200,0.030600440448717042
1485039600,-0.02871897234901142
1485126000,0.012144007254798713
1485212400,-0.025389234004819464
1485298800,-0.0019065782705815315
1485385200,0.014211513460960548
1485471600,-0.012304935190378976
1485558000,0.0009519277253821558
1485644400,-0.004768726252082796
1485730800,0.006669867509107232
1485817200,0.016949558313773424
1485903600,0.0
1485990000,0.00836824967051658
1486076400,0.011965168058272996
1486162800,0.03505977058658969
1486249200,-0.012444605048083864
1486335600,0.012444605048083746
1486422000,0.007919091098947452
1486508400,-0.005272419946572623
1486594800,-0.04045495469231364
1486681200,0.03603993648319687
1486767600,0.00265134932162
1486854000,-0.006197452328370661
1486940400,0.00796112121586742
1487026800,0.13264994699671703
1487113200,-0.0030911925696729694
1487199600,0.0
1487286000,-0.012461220437812002
1487372400,0.002348337674107429
1487458800,0.0007815553348203104
1487545200,-0.0317486983145803
1487631600,0.03330997888153286
1487718000,-0.010980502483444208
1487804400,0.04547989933503621
1487890800,-0.012130550568507632
1487977200,0.03301124955010154
1488063600,0.07257807288140343
1488150000,0.06187540371808745
1488236400,0.022960192281500962
1488322800,0.09439264332522763
1488409200,0.08729819758531475
1488495600,0.024410456402225045
1488582000,-0.052130781435190246
1488668400,0.04492168739151165
1488754800,0.008234735159229104
1488841200,-0.03282399391766535
1488927600,-0.1341369027853179
1489014000,0.07241925798938799
1489100400,0.07748255353386731
1489186800,0.10483900326008734
1489273200,0.0854452059568848
1489359600,0.202236866494896
1489446000,0.009113277232865534
1489532400,0.19411496438040285
1489618800,0.2585994499221284
1489705200,-0.009362529380048895
1489791600,-0.26662866325394846
1489878000,0.23292016549882671
1489964400,-0.026048639292832455
1490050800,0.009229742482802509
1490137200,-0.023597805749722825
1490223600,0.03972153395337671
1490310000,0.22471857364378936
1490396400,-0.06225759668290303
1490482800,-0.005730674708984983
1490565600,-0.030790237911879532
1490652000,0.024827191023632938
1490738400,0.052807299218765785
1490824800,-0.024116001252963162
1490911200,-0.03750192764795747
1490997600,0.017346661661334445
1491084000,-0.040130397397396655
1491170400,-0.09309042306601198
1491256800,0.0029315614635747433
1491343200,0.02094550725713478
1491429600,-0.05065518780210244
1491516000,-0.02015063495586036
1491602400,0.05210952922458014
1491688800,-0.01288881607129884
1491775200,0.005220758651971116
1491861600,0.0009051822297167169
1491948000,0.058000000846279334
1492034400,0.07798822201026105
1492120800,-0.04337543275125481
1492207200,0.02464232216314368
1492293600,-0.00261859349953679
1492380000,-0.0012108982307036844
1492466400,0.056911569518919604
1492552800,-0.054088417815239785
1492639200,0.04527441172237835
1492725600,-0.011419847323222373
1492812000,0.015069836967605058
1492898400,0.02237484316572934
1492984800,0.0039300134796956725
1493071200,0.006701439822745103
1493157600,0.06134465064869471
1493244000,0.1710325766124606
1493330400,0.1112256351102244
1493416800,-0.03276789323888463
1493503200,0.12700093811769153
1493589600,-0.025591112156643447
1493676000,0.00746591803982518
1493762400,0.04506125853655394
1493848800,0.14523556470595322
1493935200,-0.0807990420093515
1494021600,0.05475723337286431
1494108000,-0.025569872593763678
1494194400,-0.05722709880390034
1494280800,-0.0003372491741256555
1494367200,-0.006882184325509587
1494453600,0.011817142748264623
1494540000,-0.027103773985856106
1494626400,0.032904771958125426
1494712800,0.005214412436289733
1494799200,0.02394472897155667
1494885600,-0.048590313786485415
1494972000,0.016869495865020546
1495058400,0.09493499664463345
1495144800,0.23243091869648938
1495231200,-0.011073952233001512
1495317600,0.17213683829099405
1495404000,0.05834378828347971
1495490400,0.082482676747893
1495576800,0.08889183954358273
1495663200,-0.08610210632014373
1495749600,-0.09905138788546339
1495836000,-0.018561251525152065
1495922400,0.07647200009139302
1496008800,0.15993081389778754
1496095200,0.16775023522169052
1496181600,-0.028668193566015774
1496268000,-0.032301407415986166
1496354400,0.0158156146400662
1496440800,0.010375747351778456
1496527200,0.10510242973221577
1496613600,0.004552799553265641
1496700000,0.07832590355882293
1496786400,-0.043667563108038494
1496872800,0.02462450827399089
1496959200,0.0802133339171648
1497045600,0.15743436808703767
1497132000,0.03156360539117087
1497218400,0.14007344087285542
1497304800,-0.010914869274810644
1497391200,-0.1302890530654976
1497477600,0.008152420457566954
1497564000,0.0283512891269652
1497650400,0.04522509800493581
1497736800,-0.043963123421116176
1497823200,0.018797225708784542
1497909600,-0.032447640398922416
1497996000,-0.06758252177687164
1498082400,-0.002240897296287701
1498168800,0.010630649771949618
1498255200,-0.08852313971487953
1498341600,-0.0693441936409453
1498428000,-0.097370061637792
1498514400,0.104564337271819
1498600800,0.110572714967843
1498687200,-0.08824323856975416
1498773600,-0.03451815277245554
1498860000,-0.07775956028857263
1498946400,0.08506176531295684
1499032800,-0.013233701099685628
1499119200,-0.027042171621837995
1499205600,-0.007187913156508216
1499292000,0.0021881846805529145
1499378400,-0.10718367021934147
1499464800,0.02833050662622599
1499551200,-0.04273869926027471
1499637600,-0.1511901490193091
1499724000,-0.06848027304357161
1499810400,0.17150142084956477
1499896800,-0.08827886606878985
1499983200,-0.042398439709303674
1500069600,-0.14393113848218977
1500156000,-0.07789006496361182
1500242400,0.1890754870686355
1500328800,0.1751439874534165
1500415200,-0.15190949025087136
1500501600,0.1551264149155842
1500588000,-0.05043919785513232
1500674400,0.07099293687072322
1500760800,-0.016777166812247214
1500847200,-0.0068610903799452404
1500933600,-0.11141516353551198
1501020000,0.0031032214642961044
1501106400,-0.0038928770181114957
1501192800,-0.05761739728683802
1501279200,0.0782386997105376
1501365600,-0.05697066047903858
1501452000,0.02777114752556836
1501538400,0.11804305972390573
1501624800,-0.03590718430918503
1501711200,0.03067157025524003
1501797600,-0.01822639789120868
1501884000,0.13988208982182546
1501970400,0.040224660126846425
1502056800,0.019558510310249765
1502143200,0.09317946960030545
1502229600,-0.006239211857583684
1502316000,0.00671234468155016
1502402400,0.042468103209664675
1502488800,-0.005162097724979036
1502575200,-0.03504482094350925
1502661600,0.005312186785271085
1502748000,-0.04183965834290883
1502834400,0.05224738455328965
1502920800,-0.0077956219824559265
1503007200,-0.023689771122404665
1503093600,0.00266767147498388
1503180000,0.018912853339208932
1503266400,0.076962282447723
1503352800,-0.030564148545042257
1503439200,0.012590780599075566
1503525600,0.02840781571913757
1503612000,0.009414423366805222
1503698400,0.012155814764482516
1503784800,0.04492991955914157
1503871200,-0.002647102682247072
1503957600,0.06930974196159588
1504044000,0.028566557336780395
1504130400,0.011739174910779396
1504216800,0.007844186045593528
1504303200,-0.12349935553494029
1504389600,0.01618711939347895
1504476000,-0.17001418009347175
1504562400,0.06659431533667459
1504648800,0.0648389377702627
1504735200,-0.009710260075593547
1504821600,-0.09441264795648917
1504908000,-0.003030904343049145
1504994400,-0.01723893734393609
1505080800,-0.0023861948172227824
1505167200,-0.011132091477142139
1505253600,-0.06472454274837398
1505340000,-0.21358792907020271
1505426400,0.1506646749720971
1505512800,-0.02220228785087178
1505599200,0.015686596167699473
1505685600,0.14401611855279056
1505772000,-0.048953581719324304
1505858400,0.0030735014391206224
1505944800,-0.09942091005953034
1506031200,0.021278218668695344
1506117600,0.08657266755129422
1506204000,-0.013735028390152407
1506290400,0.0457460217882038
1506376800,-0.0202580155225058
1506463200,0.06837044330544025
1506549600,-0.023254583289211105
1506636000,-0.033499411555760084
1506722400,0.03617237171636287
1506808800,0.002698701654339251
1506895200,-0.024756704567310425
1506981600,-0.01743429997799677
1507068000,-0.0009947007285710015
1507154400,0.01268515952731586
1507240800,0.044112859934316594
1507327200,0.009776005844455631
1507413600,-0.005279435388975692
1507500000,-0.04091344965216226
1507586400,0.006435201186103207
1507672800,0.01287941855605876
1507759200,-0.0004618480602003154
1507845600,0.10751617906217521
1507932000,0.005260836723307875
1508018400,-0.005942631351683841
1508104800,-0.008247899188838696
1508191200,-0.057883286139342204
1508277600,-0.006994147093657071
1508364000,-0.02088983477738468
1508450400,-0.014305175207739064
1508536800,-0.011232339281290147
1508623200,-0.019164525943368656
1508709600,-0.030085256583790364
1508796000,0.039409728653115025
1508882400,-0.002838990686057611
1508968800,-0.0012191819445682294
1509055200,0.0030113880206978604
1509141600,-0.008482102832144591
1509228000,0.03646620679929133
1509318000,0.008537973650458719
1509404400,-0.010840303308427165
1509490800,-0.050965797938999385
1509577200,-0.012938505487028688
1509663600,0.06317961797366616
1509750000,-0.013235121463923433
1509836400,-0.012938964940076802
1509922800,0.004286709347306358
1510009200,-0.018629856184005485
1510095600,0.053709561660864116
1510182000,0.038344782420932415
1510268400,-0.07585249205814769
1510354800,0.055459430099137105
1510441200,-0.029728107785747155
1510527600,0.03020711911554049
1510614000,0.06507314609494735
1510700400,-0.011100028237670366
1510786800,0.0005140999584009228
1510873200,0.0007253385230969285
1510959600,0.04628378888908136
1511046000,0.022870197513431903
1511132400,0.03664751961806106
1511218800,-0.021815849947481515
1511305200,0.05532958205226142
1511391600,0.06292247939679564
1511478000,0.14946111988548103
1511564400,-0.013932660558438566
1511650800,0.0
1511737200,0.020140636425644176
1511823600,-0.016784206578123878
1511910000,-0.10217707447450954
1511996400,0.02784767364222504
1512082800,0.06377037028184987
1512169200,-0.01126428116749467
1512255600,0.00869950841744588
1512342000,0.011920226814063984
1512428400,-0.02864287774246046
1512514800,-0.08822928256428039
1512601200,0.0031614665599326796
1512687600,0.0634129421253741
1512774000,0.04148483817989142
1512860400,-0.07120828908688713
1512946800,0.18263601671164173
1513033200,0.20876803375377193
1513119600,0.08427084440004831
1513206000,-0.006070306180066564
1513292400,-0.012045866640164592
1513378800,0.007285899704019684
1513465200,0.03668435738030606
1513551600,0.10085108297853658
1513638000,0.02019046218840207
1513724400,-0.006257191396553891
1513810800,-0.01013940770894418
1513897200,-0.22534745976937226
1513983600,0.0682932630374238
1514070000,-0.01906277705460326
1514156400,0.07292417412540907
1514242800,0.0548091757130302
1514329200,-0.01796515936625949
1514415600,-0.034578372237518
1514502000,0.027861588468356933
1514588400,-0.06977237469571759
1514674800,0.076923581029102
1514761200,0.021072071564237953
1514847600,0.1321649383601669
1514934000,0.09250311280708913
1515020400,-0.0021360149672198948
1515106800,0.023934671040176256
1515193200,0.04223151409506743
1515279600,0.10528085501213469
1515366000,0.012026335318196512
1515452400,0.12814856136125627
1515538800,-0.028204263161507915
1515625200,-0.09446918738375977
1515711600,0.1018139433777995
1515798000,0.09319647322783785
1515884400,-0.02197890671877523
1515970800,-0.05841410384955008
1516057200,-0.2217898268944518
1516143600,-0.0025520233717231367
1516230000,-0.022552153166210863
1516316400,0.0372834082950095
1516402800,0.10419772482913624
1516489200,-0.09034868640414796
1516575600,-0.05086107493396222
1516662000,-0.012234361876347698
1516748400,0.07844973333880864
1516834800,-0.014208821030969649
1516921200,-0.00114547549752909
1517007600,0.06274608473725621
1517094000,0.1117448287669571
1517180400,-0.05915169779649077
1517266800,-0.0918353728807855
1517353200,0.042180153808163076
1517439600,-0.07861345026039211
1517526000,-0.11545760070362988
1517612400,0.05353381886212038
1517698800,-0.15809225751977363
1517785200,-0.17415418813081432
1517871600,0.11760763035008265
1517958000,-0.03988791704505837
1518044400,0.06703480535918183
1518130800,0.08613668779786392
1518217200,-0.030605428250725507
1518303600,-0.04928065900630759
1518390000,0.06585636422755141
1518476400,-0.028402612219121565
1518562800,0.08897150907762441
1518649200,0.008542572371995774
1518735600,0.01065927542833117
1518822000,0.035665683568455106
1518908400,-0.06203703779072652
1518994800,0.029119574403391232
1519081200,-0.06093115866725744
1519167600,-0.0527039304824045
1519254000,-0.04315359471051686
1519340400,0.06385313961347469
1519426800,-0.026364469880054767
1519513200,0.007783998616172117
1519599600,0.030578480173550766
1519686000,0.005119573085540438
1519772400,-0.02198553689059625
1519858800,0.02037770871961936
1519945200,-0.016163676801397225
1520031600,-0.00021028037460666906
1520118000,0.011176805633400481
1520204400,-0.017823373489161052
1520290800,-0.04247779943515425
1520377200,-0.08299432362816686
1520463600,-0.07045302351828836
1520550000,0.037804972203861566
1520636400,-0.06160665753463666
1520722800,0.05362603413035764
1520809200,-0.03257506686639042
1520895600,-0.010774583000130176
1520982000,-0.11918888439913444
1521068400,-0.0032072813080347997
1521154800,-0.01542659337836248
1521241200,-0.08783638897639108
1521327600,-0.02493252360634577
1521414000,0.035579479382339914
1521500400,0.0016528335479189169
1521586800,0.005656407162370957
1521673200,-0.03703689351238679
1521759600,0.0065541317800363805
1521846000,-0.04318867965343459
1521932400,0.005843208349114117
1522015200,-0.0743695595202498
1522101600,-0.08030338337386354
1522188000,-0.0036634987138306485
1522274400,-0.1512455849328756
1522360800,0.024862768512017585
1522447200,0.00043160901971186897
1522533600,-0.0393730244779227
1522620000,0.016548779119101062
1522706400,0.07617780805635543
1522792800,-0.09291142273834486
1522879200,0.007471752729278308
1522965600,-0.030741352720028293
1523052000,0.03948369365941804
1523138400,0.04033235872776512
1523224800,-0.00415125133510577
1523311200,0.04027554778897236
1523397600,0.03474846698184542
1523484000,0.13848550699611026
1523570400,-0.0011139128856822948
1523656800,0.01815310893295315
1523743200,0.06057311536992352
1523829600,-0.042235554779216235
1523916000,-0.01700516835215103
1524002400,0.043686783531554176
1524088800,0.07656851214860173
1524175200,0.08371072357081452
1524261600,-0.018730662188375897
1524348000,0.02710660987152919
1524434400,0.03459076977782854
1524520800,0.08748477182139361
1524607200,-0.12993301875877156
1524693600,0.07035689262493597
1524780000,-0.028157073605922803
1524866400,0.05955988431070773
1524952800,0.009334634072994548
1525039200,-0.02916447501251646
1525125600,0.0017743587517035013
1525212000,0.02485029413429159
1525298400,0.12394002153289627
1525384800,0.007991603443868258
1525471200,0.041327215830153724
1525557600,-0.031202888827157087
1525644000,-0.05063063439045162
1525730400,-0.007387671619036784
1525816800,0.0041863936883413996
1525903200,-0.036887151074897255
1525989600,-0.06884004732071647
1526076000,0.011366515788200368
1526162400,0.06431095335634829
1526248800,-0.0031721427559566993
1526335200,-0.029776276991911762
1526421600,0.0011329359828495362
1526508000,-0.05462644799465006
1526594400,0.03569474191817764
1526680800,0.005007060617661658
1526767200,0.027267080922160677
1526853600,-0.027137919965902917
1526940000,-0.0817171134204416
1527026400,-0.10605804741038773
1527112800,0.0421764573077887
1527199200,-0.028693184267461015
1527285600,0.002337585844544961
1527372000,-0.027769722571402235
1527458400,-0.10795528410612701
1527544800,0.10113327962640938
1527631200,-0.01570103112338842
1527717600,0.035025810435680815
1527804000,0.0024715482218437704
1527890400,0.020503024724205864
1527976800,0.04591100221777486
1528063200,-0.04567426379571421
1528149600,0.028978841351300987
1528236000,-0.004015739173129563
1528322400,-0.0027743391587381526
1528408800,-0.008369500357612978
1528495200,-0.009836941581005766
1528581600,-0.12383024923332127
1528668000,0.012840355953208406
1528754400,-0.07204596369852861
1528840800,-0.037731772022784674
1528927200,0.08707262774762699
1529013600,-0.06277808710082276
1529100000,0.01837969713157023
1529186400,-0.0010066844693274535
1529272800,0.04235899535301611
1529359200,0.0384659165187857
1529445600,-0.0035550464139753545
1529532000,-0.019392128131267315
1529618400,-0.12852232711246844
1529704800,0.024704739883715323
1529791200,-0.041622887413535675
1529877600,0.008647448174771057
1529964000,-0.06397484128117387
1530050400,0.02711945130985967
1530136800,-0.04839784924066148
1530223200,0.03292228598330391
1530309600,0.038967138926019704
1530396000,-0.00022093588530514314
1530482400,0.0498449561298711
1530568800,-0.02946063594376339
1530655200,0.012115361067862238
1530741600,0.0020299369143209275
1530828000,0.003047840632114376
1530914400,0.03245338718373106
1531000800,0.0021608281289356894
1531087200,-0.031172602432052044
1531173600,-0.08598620626288926
1531260000,0.030321217517539016
1531346400,-0.034559738761464925
1531432800,0.0046544561792133945
1531519200,0.0028606382116464595
1531605600,0.03779407883231541
1531692000,0.06230254346514431
1531778400,0.04099955644544293
1531864800,-0.040561960714395336
1531951200,-0.022181705058746292
1532037600,-0.04373554386510579
1532124000,0.026656534970549442
1532210400,-0.0054316078526142515
1532296800,-0.018602528566396742
1532383200,0.0630448191171043
1532469600,-0.0164935297589462
1532556000,-0.019855591434174175
1532642400,0.016034985254236217
1532728800,-0.0030883614711352185
1532815200,-0.005068499606948726
1532901600,-0.0211697413412876
1532988000,-0.05662782376498896
1533074400,-0.02629876851241155
1533160800,-0.022375527514836385
1533247200,0.015882928204994966
1533333600,-0.025441851483187918
1533420000,0.004314049389944693
1533506400,-0.008474106590086676
1533592800,-0.06931888134943426
1533679200,-0.06219889404081231
1533765600,0.021982576382945828
1533852000,-0.09077651907068081
1533938400,-0.04380127320873234
1534024800,0.0018560176459079555
1534111200,-0.11360781156818418
1534197600,-0.020705115328665157
1534284000,0.0104772909585427
1534370400,0.01986400454588428
1534456800,0.0999406377122035
1534543200,-0.07538071902950505
1534629600,0.01834109604725478
1534716000,-0.09913266344671262
1534802400,0.035584753842285696
1534888800,-0.040169543356803186
1534975200,0.023006363081880223
1535061600,0.018550611792955845
1535148000,-0.013168914589640904
1535234400,-0.011411720197102796
1535320800,0.04317730356778977
1535407200,0.031092011374650043
1535493600,-0.024657094650002303
1535580000,-0.01554915235517824
1535666400,-0.007174316435966791
1535752800,0.04633136970098339
1535839200,-0.0008808185405850657
1535925600,-0.02099500032053169
1536012000,-0.013064339516105325
1536098400,-0.2203683616388488
1536184800,0.003621532417719355
1536271200,-0.06291382541056932
1536357600,-0.09128766871584375
1536444000,-0.005043440222588236
1536530400,0.006313023715872469
1536616800,-0.06267262192262546
1536703200,-0.01135727463826784
1536789600,0.14248127622467743
1536876000,-0.004845845389271353
1536962400,0.055394786985622356
1537048800,-0.007870850783838123
1537135200,-0.11519782433834566
1537221600,0.06313938238345741
1537308000,0.003390886072567951
1537394400,0.0676506278304611
1537480800,0.09958681724277268
1537567200,-0.029056347015419818
1537653600,0.015860597367728966
1537740000,-0.07052087619004471
1537826400,-0.04013512610161854
1537912800,-0.0216441684961527
1537999200,0.06676661791114703
1538085600,-0.03273600217519547
1538172000,0.04453606100695167
1538258400,0.004002846070393493
1538344800,-0.004434215242814532
1538431200,-0.025918716669234402
1538517600,-0.023883738612757412
1538604000,0.009298613537067698
1538690400,0.025594087378637
1538776800,-0.01393566387319666
1538863200,0.0041215241485036995
1538949600,0.016361808147545856
1539036000,-0.006941895195956265
1539122400,-0.008579966835586088
1539208800,-0.17016420672668134
1539295200,0.029982379482203007
1539381600,0.022719111468891245
1539468000,-0.0207890991881422
1539554400,0.08358049315864967
1539640800,0.003726828127968274
1539727200,-0.007467597476561277
1539813600,-0.03276171490733152
1539900000,-0.007824119612450624
1539986400,0.014866741938834957
1540072800,-0.0032257315951225844
1540159200,-0.002897572897070452
1540245600,-0.005285501455044598
1540332000,-0.0027263892253288533
1540418400,-0.004936109526353898
1540504800,0.0023000328229101238
1540591200,-0.0010759525662640858
1540677600,0.0030780529981993417
1540767600,-0.03950369381978387
1540854000,0.0017239635138832862
1540940400,0.006060930721177296
1541026800,-0.002117149696951837
1541113200,0.02240444984105008
1541199600,-0.012062992215613307
1541286000,0.05645897336379205
1541372400,-0.005632751029971288
1541458800,0.044334118547066294
1541545200,-0.006468976137618873
1541631600,-0.027476419803239626
1541718000,-0.0069768821169920725
1541804400,0.008572826879318856
1541890800,-0.0001407162459227286
1541977200,-0.0018311153788857146
1542063600,-0.011105187019498523
1542150000,-0.11563508754426662
1542236400,-0.018086401079307653
1542322800,-0.03927286008596713
1542409200,-0.0027153945518733425
1542495600,0.011937750868227164
1542582000,-0.17399361020259876
1542668400,-0.12168753078042666
1542754800,0.03547519498392957
1542841200,-0.08798880379346291
1542927600,-0.011804252554421952
1543014000,-0.08546629979281471
1543100400,0.031060267745115205
1543186800,-0.06981617588970519
1543273200,0.009943135340290052
1543359600,0.0989177874356275
1543446000,-0.04065566757881082
1543532400,-0.03523376283051495
1543618800,0.03845301332339683
1543705200,-0.015513437614872462
1543791600,-0.06889470113677257
1543878000,0.013074471958934917
1543964400,-0.07309532798364782
1544050800,-0.11888302476740685
1544137200,0.02617865240751476
1544223600,-0.029375480351915083
1544310000,0.033121003485067434
1544396400,-0.037547258360109255
1544482800,-0.02073019498303022
1544569200,0.014611926829211839
1544655600,-0.03763304312643079
1544742000,-0.029393134120751417
1544828400,0.001073281362345606
1544914800,0.009726087819990408
1545001200,0.1078715247400906
1545087600,0.06452527531497212
1545174000,-0.012898244104941826
1545260400,0.14268480326533575
1545346800,-0.05773855406532681
1545433200,0.06841342219412534
1545519600,0.11224285528076806
1545606000,0.07167445800301989
1545692400,-0.08105473531820193
1545778800,0.012923375838013607
1545865200,-0.1268971792286703
1545951600,0.17603144768706036
1546038000,-0.021756074916014355
1546124400,0.03513517363358913
1546210800,-0.048465189893701764
1546297200,0.05680876127728779
1546383600,0.09125824959635581
1546470000,-0.04008673040478108
1546556400,0.03949812962260673
1546642800,0.004112948510578557
1546729200,0.009531600773423833
1546815600,-0.03279842723102914
1546902000,-0.01038987795998441
1546988400,0.002557201931879075
1547074800,-0.16919483682327954
1547161200,-0.003828061138543136
1547247600,-0.01124961642898363
1547334000,-0.07646661792888323
1547420400,0.10655484751889206
1547506800,-0.06403157942239741
1547593200,0.017403273412359338
1547679600,0.002543591114977835
1547766000,-0.022290354049812326
1547852400,0.03037038168628642
1547938800,-0.0457384119146004
1548025200,-0.012587399145175775
1548111600,0.018610747154576116
1548198000,-0.011826402355481793
1548284400,-0.0011132520952779933
1548370800,-0.010421695462414072
1548457200,0.0028530689824064807
1548543600,-0.029170377299779844
1548630000,-0.06121368416848925
1548716400,-0.009781189989135252
1548802800,0.03497614030388053
1548889200,-0.016819613162257538
1548975600,0.0025270264746306958
1549062000,0.03400125381562118
1549148400,-0.02803665085745157
1549234800,0.002598368202815422
1549321200,-0.0049240588180448795
1549407600,-0.025850496053088236
1549494000,-0.0007648915183133276
1549580400,0.131388974943398
1549666800,0.0017597524128943594
1549753200,0.044859379183942935
1549839600,-0.029406716464873434
1549926000,0.010986418613554315
1550012400,-0.0034305350967892482
1550098800,-0.01028011849501255
1550185200,0.006262896449748223
1550271600,0.00932140845797494
1550358000,0.08514452060604802
1550444400,0.0859644130890299
1550530800,-0.01235307796526664
1550617200,0.03480154699352506
1550703600,-0.022585652648749267
1550790000,0.014910914560375845
1550876400,0.06748241637252371
1550962800,-0.17466929300745862
1551049200,0.03938562152101881
1551135600,-0.011639034423817717
1551222000,-0.010814097367845296
1551308400,0.0019950499837814418
1551394800,0.001843726323384323
1551481200,-0.022050953064255634
1551567600,-0.013269330686194633
1551654000,-0.03922987280136765
1551740400,0.08262240996864036
1551826800,0.005830070441482011
1551913200,-0.005026417430191508
1551999600,-0.022750076377780884
1552086000,0.027049591108232417
1552172400,-0.013175421158564517
1552258800,-0.020320002490957494
1552345200,0.006072210269056153
1552431600,-0.013771523665390114
1552518000,0.0036305916893405042
1552604400,0.031949225584011934
1552690800,0.031668713397407754
1552777200,-0.015996913290200532
1552863600,-0.007152434493915036
1552950000,0.005783706116848761
1553036400,0.004244152685901781
1553122800,-0.030612404246265695
1553209200,0.009649100754705407
1553295600,0.008103712900043167
1553382000,-0.007957117576171447
1553468400,-0.016181224161470945
1553554800,0.0008934554983444637
1553641200,0.038542103503867386
1553727600,-0.010799241021760273
1553814000,0.03715839705530052
1553900400,-0.005104370765217049
1553986800,-0.006046987910042507
1554069600,-0.002047372666174221
1554156000,0.14432977017982435
1554242400,-0.019332926648311075
1554328800,-0.018315645588267922
1554415200,0.046540226433523284
1554501600,0.0037521225331945225
1554588000,0.05167679076186866
1554674400,0.02732920658397531
1554760800,-0.02297913390087381
1554847200,0.012937818779269666
1554933600,-0.07617880220228601
1555020000,-0.005429656752092449
1555106400,-0.0017143211202734457
1555192800,0.0248136672003462
1555279200,-0.043493082162984836
1555365600,0.03364137756570043
1555452000,0.0015080684504940422
1555538400,0.04381209475682015
1555624800,-0.003120307628188651
1555711200,-0.0003473026198373865
1555797600,-0.024675244594377217
1555884000,0.013848596349366088
1555970400,-0.0053987573180571
1556056800,-0.02822635700776567
1556143200,-0.06269218566855593
1556229600,0.017819408115202565
1556316000,0.00907435806454954
1556402400,-0.007177064300363369
1556488800,-0.02132903333699134
1556575200,0.043387602616190825
1556661600,-0.008815005245508824
1556748000,0.007949364926815784
1556834400,0.037634934348983295
1556920800,-0.02521699645136515
1557007200,-0.0039790692517534705
1557093600,0.05935736154621595
1557180000,-0.02138306628364776
1557266400,0.008409093685016458
1557352800,0.0004098240741180904
1557439200,0.011233784213425019
1557525600,0.10693940399755456
1557612000,-0.022086400230258468
1557698400,0.04140246088704696
1557784800,0.10361427193482045
1557871200,0.1322024352575955
1557957600,0.06452592786867328
1558044000,-0.07954854087746854
1558130400,-0.04415986966185198
1558216800,0.10440662119401027
1558303200,-0.034920761949102076
1558389600,0.01205215983877249
1558476000,-0.0378282404705693
1558562400,0.0013905363984503428
1558648800,0.018184160059305402
1558735200,0.006041830922805365
1558821600,0.054344323787383984
1558908000,0.023523468274426373
1558994400,0.0007377896158779837
1559080800,-0.009522293556142014
1559167200,-0.05388109511342976
1559253600,0.05157024801726595
1559340000,-0.01382700969470961
1559426400,0.017625896944917976
1559512800,-0.07180872989042016
1559599200,-0.0370646336044081
1559685600,0.018765049994665307
1559772000,0.010963558245945602
1559858400,0.001768773575791338
1559944800,-0.022584225507229085
1560031200,-0.05120248730713024
1560117600,0.06523551517650203
1560204000,-0.009974231325122582
1560290400,0.06774009248769632
1560376800,-0.025872860694223128
1560463200,0.029650986431716108
1560549600,0.019688348112008803
1560636000,0.0008586415326038888
1560722400,0.018559444324497798
1560808800,-0.031290337113209714
1560895200,0.013775201402194188
1560981600,0.011747619769318656
1561068000,0.08232147382367913
1561154400,0.05177160017653652
1561240800,-0.005978269893421801
1561327200,0.009451835717135764
1561413600,0.019679228645349548
1561500000,0.0636921060484091
1561586400,-0.12905997567009014
1561672800,0.042794841329838955
1561759200,0.025182559271361597
1561845600,-0.08608695682622178
1561932000,0.008926197179480332
1562018400,-0.011667708783122899
1562104800,0.030982731243750866
1562191200,-0.05874876240656516
1562277600,0.013039548210922375
1562364000,0.003233492030314309
1562450400,0.056680037224985116
1562536800,0.02382183914772133
1562623200,-0.015557734233589705
1562709600,-0.06140971245743585
1562796000,-0.07310270371826307
1562882400,0.021936838448438252
1562968800,-0.020300785432358262
1563055200,-0.17203139236769685
1563141600,0.00821783974803246
1563228000,-0.1388411007790431
1563314400,0.05896979364893778
1563400800,0.06550096374293926
1563487200,-0.023085548706706056
1563573600,0.03469485166338914
1563660000,-0.012586559608730251
1563746400,-0.03500402591408961
1563832800,-0.02516794071095065
1563919200,0.016709569467144365
1564005600,0.010205819494963037
1564092000,0.0008266740619585842
1564178400,-0.0528335846389657
1564264800,0.017986527724638508
1564351200,-0.0026178648425984113
1564437600,-0.006358941845374545
1564524000,0.04106562161087414
1564610400,-0.003966794869500795
1564696800,0.0007853826834139195
1564783200,0.019889552165982854
1564869600,-0.000769910139704503
1564956000,0.05178021822756311
1565042400,-0.02977865863017234
1565128800,-0.0043083412929981755
1565215200,-0.02023359346844433
1565301600,-0.04967854921892519
1565388000,-0.017139700308796885
1565474400,0.04695475555362241
1565560800,-0.025242965554299595
1565647200,-0.013249661700854426
1565733600,-0.10724553035359768
1565820000,0.006624663612035023
1565906400,-0.01745713729815495
1565992800,0.0014078408216572115
1566079200,0.04687904233213815
1566165600,0.04027661658462689
1566252000,-0.027655239250255894
1566338400,-0.04643747353230434
1566424800,0.016158007882045616
1566511200,0.016366465600091067
1566597600,-0.01710245553973767
1566684000,-0.020454956766725912
1566770400,0.010890562474374286
1566856800,-0.009388738549102143
1566943200,-0.07643593516518159
1567029600,-0.02453931222113807
1567116000,-0.0029689470178545165
1567202400,0.02036682325033397
1567288800,-0.011132710044850804
1567375200,0.04825131661656966
1567461600,0.003922452636417808
1567548000,-0.02273853624011644
1567634400,-0.00550744321354609
1567720800,-0.027291914906731583
1567807200,0.04953591308361169
1567893600,0.02060321222905798
1567980000,-0.004363562945737979
1568066400,-0.0033268674987649576
1568152800,-0.00881407022696035
1568239200,0.013358021301499953
1568325600,0.001326040307020679
1568412000,0.03818808323381744
1568498400,0.004983310954149686
1568584800,0.042550800701125706
1568671200,0.0516049222911573
1568757600,0.012721357593837366
1568844000,0.045428580267568845
1568930400,-0.010086573729011878
1569016800,-0.012834302016842838
1569103200,-0.01918670327225461
1569189600,-0.04827402779379936
1569276000,-0.19046677760636926
1569362400,0.015691977965919885
1569448800,-0.02614998472104106
1569535200,0.05111401239625019
1569621600,0.0024797452227101314
1569708000,-0.025255782314503615
1569794400,0.0632861867003896
1569880800,-0.02566619421304876
1569967200,0.025222513877447145
1570053600,-0.03230178527878115
1570140000,0.006339436976670784
1570226400,0.004430818428138262
1570312800,-0.033895688275319504
1570399200,0.053205858875224527
1570485600,0.0050464546303854284
1570572000,0.06354233975019129
1570658400,-0.008026310874228821
1570744800,-0.056512210263342334
1570831200,-0.0040502732430055905
1570917600,0.006870213736565234
1571004000,0.03002346571859351
1571090400,-0.032898778730786164
1571176800,-0.03413262182750659
1571263200,0.015802966432151944
1571349600,-0.025706888002996857
1571436000,-0.005221641012498153
1571522400,0.018614570040676168
1571608800,-0.005496406829484796
1571695200,-0.015972561793856956
1571781600,-0.054793447132490125
1571868000,-0.009597299757196878
1571954400,0.12147461718725966
1572040800,-0.01035704752550558
1572127200,0.024363951582226415
1572217200,-0.013015605374376661
1572303600,0.04719783847395942
1572390000,-0.03853835215785212
1572476400,-0.004813750338020081
1572562800,0.004104085215570482
1572649200,-0.0006008794871203497
1572735600,-0.007183820755065489
1572822000,0.02258292134113565
1572908400,0.015059560480260564
1572994800,0.013738865926547775
1573081200,-0.022950613395631935
1573167600,-0.015688921957334227
1573254000,0.005040797686909511
1573340400,0.021554518122933564
1573426800,-0.020851910338320775
1573513200,0.010212946220243643
1573599600,0.007299885886484914
1573686000,-0.016648761199157647
1573772400,-0.027694414437473405
1573858800,0.012299871013289467
1573945200,0.0096018195412087
1574031600,-0.03132493907352721
1574118000,-0.0135933732470071
1574204400,-0.0064378516041741895
1574290800,-0.08029994240164297
1574377200,-0.07495636288375036
1574463600,0.017601195477008606
1574550000,-0.08055663568025558
1574636400,0.03657582464886776
1574722800,0.011652205020165578
1574809200,0.0339015516756812
1574895600,-0.01073190666895319
1574982000,0.02277436302249188
1575068400,-0.016966149215323356
1575154800,-0.006006816965611457
1575241200,-0.0143369241297315
1575327600,-0.007212460910718438
1575414000,-0.013828087240010199
1575500400,0.019696371592401486
1575586800,0.0013441765583271802
1575673200,-0.004105399984927475
1575759600,0.019302653078084767
1575846000,-0.022003897292185173
1575932400,-0.013753876512344039
1576018800,-0.016242538373246625
1576105200,0.01053589838931831
1576191600,-0.0004827752774894147
1576278000,-0.020419539401632575
1576364400,0.0035142009739028584
1576450800,-0.07085888057592636
1576537200,-0.0841808961746644
1576623600,0.08523471637004451
1576710000,-0.034441301120491166
1576796400,0.002177972236178745
1576882800,-0.008505376856195913
1576969200,0.03526154384542327
1577055600,-0.03158521290284893
1577142000,-0.0002342560429249708
1577228400,-0.022188916187329478
1577314800,0.00549430055955014
1577401200,0.0038043954897111227
1577487600,0.015230314809683187
1577574000,0.046059520771899835
1577660400,-0.01930721431917056
1577746800,-0.020074226035749657
1577833200,0.01184811521090331
1577919600,-0.02760507148163919
1578006000,0.05417066662122377
1578092400,0.00044676099030503317
1578178800,0.009336167399295882
1578265200,0.06073307439348296
1578351600,-0.007244389442496732
1578438000,-0.015712847495983614
1578524400,-0.020737657013837365
1578610800,0.048748731425128346
1578697200,-0.01488826721378832
1578783600,0.02621808250620087
1578870000,-0.019720697018800044
1578956400,0.14537772960453796
1579042800,0.0022855778023721744
1579129200,-0.012635820005824774
1579215600,0.03503257403360581
1579302000,0.023054939440555415
1579388400,-0.042632001766018564
1579474800,-0.00029958956454031414
1579561200,0.015106746194043572
1579647600,-0.0075843226620181965
1579734000,-0.03221503612239684
1579820400,-0.0015368068185255953
1579906800,-0.01306560584806231
1579993200,0.04544852318164315
1580079600,0.014016848349057545
1580166000,0.031620217635144596
1580252400,-0.010755252416778778
1580338800,0.059886771769590216
1580425200,-0.02568042357198061
1580511600,0.020520593532493168
1580598000,0.02612068750704427
1580684400,0.006820190860762881
1580770800,-0.004541621663601574
1580857200,0.07590973701041248
1580943600,0.04475674433294245
1581030000,0.047413098353422514
1581116400,-0.0012535257047244573
1581202800,0.023727375794677368
1581289200,-0.024982474798471217
1581375600,0.060099438749038586
1581462000,0.11486914373965722
1581548400,0.011865465879691124
1581634800,0.05958440930031238
1581721200,-0.07412684916058428
1581807600,-0.018595970844198485
1581894000,0.028962260856399465
1581980400,0.0532232023920592
1582066800,-0.08553735712278701
1582153200,-0.006698830494579991
1582239600,0.029552389829528947
1582326000,-0.013175321105010847
1582412400,0.04878288405615359
1582498800,-0.03357274425221335
1582585200,-0.0729532727030483
1582671600,-0.09624193866774125
1582758000,0.014297656302872698
1582844400,-0.0026404979475043917
1582930800,-0.04235079955731566
1583017200,0.0021583898531084738
1583103600,0.061727679609565406
1583190000,-0.034798710954838455
1583276400,0.001962884284767754
1583362800,0.01797632489246185
1583449200,0.06953259594884167
1583535600,-0.03144052256767957
1583622000,-0.1753009196164605
1583708400,0.018358267878474197
1583794800,-0.011353335802418226
1583881200,-0.030270064302756337
1583967600,-0.5896385172831926
1584054000,0.2165602980364277
1584140400,-0.08810432149742523
1584226800,0.013439321446322077
1584313200,-0.1133898049873985
1584399600,0.04439693350044694
1584486000,0.014626271090994864
1584572400,0.13972133181382293
1584658800,-0.015702648227741162
1584745200,-0.0055660166262932855
1584831600,-0.07981017072582458
1584918000,0.1054258676600717
1585004400,0.018934442742346066
1585090800,-0.018566917287071605
1585177200,0.016834064867897965
1585263600,-0.04917324085811806
1585350000,-0.005403978596053005
1585436400,-0.045194408158289054
1585519200,0.05370574459209345
1585605600,0.005358301186796948
1585692000,0.020855813280838333
1585778400,0.04073353417254828
1585864800,-0.001132984117797757
1585951200,0.02013043603660707
1586037600,-0.009979495919808689
1586124000,0.1821111264631532
1586210400,-0.037828020358051176
1586296800,0.049105242703194406
1586383200,-0.019377284241351874
1586469600,-0.07220574597617058
1586556000,0.0020250608110147297
1586642400,0.003471020492878741
1586728800,-0.014915702887782014
1586815200,0.01315014344056178
1586901600,-0.03565497320191301
1586988000,0.11951106721999152
1587074400,-0.009797710615834605
1587160800,0.09401467364274746
1587247200,-0.03983333074645398
1587333600,-0.05553019804025163
1587420000,0.0022861172358847625
1587506400,0.06752019483654523
1587592800,0.014884298904434542
1587679200,0.011366195708712555
1587765600,0.03370428304581859
1587852000,0.017069097982244978
1587938400,-0.006150112144681909
1588024800,0.0020881619036951485
1588111200,0.09157991285441885
1588197600,-0.043553204632490676
1588284000,0.027642714582214973
1588370400,0.009202806991037038
1588456800,-0.019491402596445762
1588543200,-0.015464720841887039
1588629600,-0.006068421661831564
1588716000,-0.03125872701207042
1588802400,0.06308046512119779
1588888800,-0.002597710753514907
1588975200,-0.005833962523289187
1589061600,-0.11288353656480689
1589148000,-0.0097394680080174
1589234400,0.020650015305124215
1589320800,0.05003354632865842
1589407200,0.01846756217813456
1589493600,-0.04245268884958285
1589580000,0.028634089029894248
1589666400,0.03185467245075649
1589752800,0.037314400824267874
1589839200,-0.0016768367616258667
1589925600,-0.021296446791984208
1590012000,-0.055012157001585564
1590098400,0.042360433157948935
1590184800,-0.003526829271090864
1590271200,-0.03271400212438782
1590357600,0.02058969048858102
1590444000,-0.015452137726416864
1590530400,0.035098182028246605
1590616800,0.05604230355493478
1590703200,0.002177661689902893
1590789600,0.09902762563026918
1590876000,-0.04973261034882699
1590962400,0.06738970049225702
1591048800,-0.04128923005747935
1591135200,0.027278564112144722
1591221600,-0.00471418610652459
1591308000,-0.012986121286896427
1591394400,0.007340928389582818
1591480800,0.010522951425892615
1591567200,0.006602298099570697
1591653600,-0.009632727545149591
1591740000,0.016111007550592683
1591826400,-0.07137974511007562
1591912800,0.029174519768576938
1591999200,0.0028585861066605725
1592085600,-0.026371041605494073
1592172000,-0.0047089405514573815
1592258400,0.01900162255732407
1592344800,-0.006308093545657718
1592431200,-0.010919673440214215
1592517600,-0.009686252298853018
1592604000,-0.001091774678833739
1592690400,-0.0031948209847853367
1592776800,0.06417407916133089
1592863200,-0.00020557097410253518
1592949600,-0.03536303200363964
1593036000,-0.009372861837751753
1593122400,-0.012504760222296935
1593208800,-0.03820933814551412
1593295200,0.01806616434293772
1593381600,0.0122749686782673
1593468000,-0.009878801397593078
1593554400,0.02330474737019286
1593640800,-0.019809555226651055
1593727200,-0.0057580882838844
1593813600,0.01774321758905417
1593900000,-0.005118905146500571
1593986400,0.057859983631067896
1594072800,-0.009608859106636737
1594159200,0.03183881964538066
1594245600,-0.020327482608537853
1594332000,-0.003145177232668869
1594418400,-0.008575168060760963
1594504800,0.014732085094957598
1594591200,-0.012518817116953167
1594677600,0.003206799491334775
1594764000,-0.007847761098161635
1594850400,-0.021048059301219075
1594936800,-0.0038593529892587235
1595023200,0.012807005356390393
1595109600,0.0137334705468174
1595196000,-0.012249947968917166
1595282400,0.03916369527001416
1595368800,0.06979896527360313
1595455200,0.04478859299971261
1595541600,0.014387180933750982
1595628000,0.08896652836172152
1595714400,0.018850424339482835
1595800800,0.03371940328853042
1595887200,-0.01515465160804217
1595973600,0.0027096018342494684
1596060000,0.05225721202443259
1596146400,0.03416928143345233
1596232800,0.11087470647502426
1596319200,-0.03967749980155806
1596405600,0.03621021555578711
1596492000,0.009852804681429236
1596578400,0.028265694206537732
1596664800,-0.014982306845253859
1596751200,-0.039416259460130894
1596837600,0.04429253082358201
1596924000,-0.016595254994767866
1597010400,0.013490328798153128
1597096800,-0.042664047722561396
1597183200,0.021172132526446244
1597269600,0.09172959767551561
1597356000,0.031823081021003445
1597442400,-0.013445233052255737
1597528800,0.003349467794599315
1597615200,-0.007104948945330074
1597701600,-0.019702297881183207
1597788000,-0.03549070652106326
1597874400,0.020911762770089725
1597960800,-0.06982587925117625
1598047200,0.019322916306527334
1598133600,-0.012874513122049363
1598220000,0.043103640545467024
1598306400,-0.06197456372850224
1598392800,0.0071766910554775225
1598479200,-0.007411582941042877
1598565600,0.030842052934000216
1598652000,0.009295830942542938
1598738400,0.07267048725340142
1598824800,0.011683567463220215
1598911200,0.09218350506455238
1598997600,-0.08031596904974157
1599084000,-0.13933955732791253
1599170400,0.010339845477006771
1599256800,-0.14182007795424176
1599343200,0.053993357379390934
1599429600,-0.004053580775532786
1599516000,-0.04235463084763492
1599602400,0.03962409840419531
1599688800,0.04679444005728186
1599775200,0.01564133069308648
1599861600,0.0374469379782051
1599948000,-0.059113122303330316
1600034400,0.02960844509836567
1600120800,-0.034267774911145146
1600207200,0.002387192616594777
1600293600,0.06393368741841562
1600380000,-0.012338969487404443
1600466400,0.00272922386576893
1600552800,-0.03736701375673684
1600639200,-0.08376360453082689
1600725600,0.007967006960552393
1600812000,-0.07256412928774449
1600898400,0.08739417603652556
1600984800,0.0070205767812039225
1601071200,0.007423392167591126
1601157600,0.008376953467030393
1601244000,-0.008856955735080807
1601330400,0.016192190621633174
1601416800,-0.001306917113376344
1601503200,-0.017741812253315833
1601589600,-0.02115284593400284
1601676000,-0.00023145469377711835
1601762400,0.02042085481791946
1601848800,0.0015580519008556678
1601935200,-0.03652281589805865
1602021600,0.00255098439148867
1602108000,0.027012663513536088
1602194400,0.040362407125843686
1602280800,0.013271161817259
1602367200,0.010828345206983189
1602453600,0.032833787790677194
1602540000,-0.014194610067199053
1602626400,-0.005470962382261148
1602712800,-0.004493795561310679
1602799200,-0.03307511100794476
1602885600,0.009430432385734985
1602972000,0.024597992784919868
1603058400,0.0036459749767766823
1603144800,-0.029003825596298147
1603231200,0.060185365031839626
1603317600,0.056767801319046914
1603404000,-0.013445866769810995
1603490400,0.008288283027987814
1603576800,-0.014254345825551238
1603666800,-0.02994475176280831
1603753200,0.022678642981504665
1603839600,-0.03794260184708193
1603926000,-0.003561753668602279
1604012400,-0.01131101415240714
1604098800,0.010431529370297923
1604185200,0.02522140563575049
1604271600,-0.03272842186335043
1604358000,0.011381288191459314
1604444400,0.03612548098024563
1604530800,0.03527392397866746
1604617200,0.08968004807390506
1604703600,-0.04561343702946811
1604790000,0.04332872601806282
1604876400,-0.0230263452115189
1604962800,0.0131688225790265
1605049200,0.028703191000127255
1605135600,-0.0016632649181087444
1605222000,0.029250634147266374
1605308400,-0.033279840473431105
1605394800,-0.0274405784107681
1605481200,0.026854341923556478
1605567600,0.04567953877531755
1605654000,-0.007142366927273674
1605740400,-0.015394152779652804
1605826800,0.07906765474009125
1605913200,0.07901348024265978
1605999600,0.013479791262057731
1606086000,0.0853146696551628
1606172400,-0.006901406844704838
1606258800,-0.060220797772882334
1606345200,-0.09253698231338228
1606431600,-0.002332688564391013
1606518000,0.037187597045410276
1606604400,0.0677771714414282
1606690800,0.0679647415552939
1606777200,-0.05037766855486541
1606863600,0.020934946080545056
1606950000,0.0300919466742324
1607036400,-0.0818033537074192
1607122800,0.04941800082344272
1607209200,0.008344786232417991
1607295600,-0.01775745244216141
1607382000,-0.06291009029733012
1607468400,0.032193941940837835
1607554800,-0.02666023156222879
1607641200,-0.02533021211927745
1607727600,0.042472321710208503
1607814000,0.04023427032778988
1607900400,-0.008324320968924685
1607986800,0.004629401510973862
1608073200,0.07909265340194156
1608159600,0.00904305096597261
1608246000,0.0164688923665618
1608332400,0.00658528926656784
1608418800,-0.030717532778470478
1608505200,-0.0488175828388056
1608591600,0.0475790760999477
1608678000,-0.08471657773892999
1608764400,0.044497044441205384
1608850800,0.023547207853157934
1608937200,0.015275205794993836
1609023600,0.07142375365869119
1609110000,0.06557917383670382
1609196400,0.0023395664005361524
1609282800,0.027017739781968444
1609369200,-0.02132173746340924
1609455600,-0.009310266151095922
1609542000,0.06037933234135081
1609628400,0.23018904143677224
1609714800,0.06687432451693996
1609801200,0.053347974105145794
1609887600,0.09390196310010913
1609974000,0.013634406893544348
1610060400,-0.0070653715114198145
1610146800,0.048056257718766926
1610233200,-0.015437062461988846
1610319600,-0.1404385031547476
1610406000,-0.038554311337430966
1610492400,0.07188277118543043
1610578800,0.08304161885185807
1610665200,-0.04545687388714297
1610751600,0.047168058933366966
1610838000,0.0035515354835247517
1610924400,0.020412641146952817
1611010800,0.08669867740922618
1611097200,0.004022511088481017
1611183600,-0.20935012973845388
1611270000,0.0997889206139121
1611356400,-0.0009562476923774204
1611442800,0.11973058213018511
1611529200,-0.05346560503773398
1611615600,0.036044838343093445
1611702000,-0.09084666260868461
1611788400,0.06279016770140207
1611874800,0.03754821999581967
1611961200,-0.0016979534312393538
1612047600,-0.04776923244161944
1612134000,0.045180478977960625
1612220400,0.09572049052117625
1612306800,0.09641874072457592
1612393200,-0.04318206808216773
1612479600,0.07561248597814031
1612566000,-0.025073239929027255
1612652400,-0.03869622692130468
1612738800,0.08162904029301503
1612825200,0.011616775671441159
1612911600,-0.016249873611396848
1612998000,0.025088890051086554
1613084400,0.030145333953007926
1613170800,-0.013964362120385435
1613257200,-0.007580338570103132
1613343600,-0.012824842036333288
1613430000,0.001612128948709453
1613516400,0.036514564501535396
1613602800,0.04559620712582016
1613689200,0.011018814486903476
1613775600,-0.021559343048606
1613862000,0.010173376750648286
1613948400,-0.08422186619493138
1614034800,-0.11885617721032288
1614121200,0.02848572587921866
1614207600,-0.09527630733417168
1614294000,-0.021023573546864897
1614380400,0.009289516838392747
1614466800,-0.027920039641609773
1614553200,0.10131147677702534
1614639600,-0.053245211161794294
1614726000,0.053894669332775424
1614812400,-0.020864774192263014
1614898800,-0.005422151509531527
1614985200,0.07482699835916573
1615071600,0.0467382807915461
1615158000,0.05810730413855717
1615244400,0.02032718837362889
1615330800,-0.04093123309406459
1615417200,0.017486971586758014
1615503600,-0.03278617144222121
1615590000,0.0836869559431661
1615676400,-0.03823615273217641
1615762800,-0.031133056207470377
1615849200,0.006933140194579073
1615935600,0.010197982653262064
1616022000,-0.02626677989130231
1616108400,0.018719241867345315
1616194800,-0.002788969889607796
1616281200,-0.011637889411137031
1616367600,-0.05849755758880362
1616454000,-0.008638163477332149
1616540400,-0.05263530732387559
1616626800,0.0026255016785925065
1616713200,0.06824883790806441
1616799600,0.008447674672788714
1616886000,-0.015418814146292767
1616968800,0.07418292107098871
1617055200,0.013298170105458923
1617141600,0.040963428616601474
1617228000,0.02571971053693291
1617314400,0.08125837841089906
1617400800,-0.06082286825849475
1617487200,0.03298107977922095
1617573600,0.014571013473202913
1617660000,0.002427726574921569
1617746400,-0.07372370929717689
1617832800,0.05864033753227875
1617919200,-0.006265016814482807
1618005600,0.031835326668790256
1618092000,0.00822834795534414
1618178400,-0.006346148691931985
1618264800,0.07309674713652702
1618351200,0.05565433899375321
1618437600,0.033429589600494504
1618524000,-0.036881889135792024
1618610400,-0.04423362825606275
1618696800,-0.03563542463552161
1618783200,-0.03481182841993236
1618869600,0.07638645515528948
1618956000,0.012218479498298324
1619042400,0.0169221851947191
1619128800,-0.014172676258866845
1619215200,-0.06608210948726877
1619301600,0.04437661218418124
1619388000,0.08940295242931488
1619474400,0.05084236529620771
1619560800,0.030047827836855244
1619647200,0.003931762546064587
1619733600,0.005576726796546746
1619820000,0.060142933495956515
1619906400,0.0019236679785667077
1619992800,0.15045954233627148
1620079200,-0.04248950639472639
1620165600,0.06935770883671444
1620252000,-0.009480582341612212
1620338400,-0.0023813838767287017
1620424800,0.11501581138226567
1620511200,0.004261751159562225
1620597600,0.006523422365896719
1620684000,0.054199727978788304
1620770400,-0.08928987175864614
1620856800,-0.024472135660238037
1620943200,0.09134248134921515
1621029600,-0.11252711823488207
1621116000,-0.016482071729131884
1621202400,-0.0882089472538394
1621288800,0.029404737930580717
1621375200,-0.32692051064162353
1621461600,0.13133916021977945
1621548000,-0.13239896971759704
1621634400,-0.059920010899915034
1621720800,-0.08667502708101739
1621807200,0.2307723485301652
1621893600,0.02178759846255891
1621980000,0.06427185859789496
1622066400,-0.052953902912568684
1622152800,-0.12504789112925085
1622239200,-0.05895497651715545
1622325600,0.04720996244292966
1622412000,0.1267236658671703
1622498400,-0.028005589078752356
1622584800,0.02713017324652384
1622671200,0.052985258609193106
1622757600,-0.060254511403237905
1622844000,-0.021643292923237988
1622930400,0.031702338956561105
1623016800,-0.04562547270769454
1623103200,-0.03213112075067486
1623189600,0.03736304891292614
1623276000,-0.0536987278574814
1623362400,-0.04917384566383539
1623448800,0.007212017903691005
1623535200,0.05734909542163558
1623621600,0.02876960539526376
1623708000,-0.01469205852820431
1623794400,-0.07192920261178892
1623880800,0.0018316492069338046
1623967200,-0.06178246501414574
1624053600,-0.028488611306934777
1624140000,0.034895407502647746
1624226400,-0.1709966242447855
1624312800,-0.007707371798303902
1624399200,0.047722348649232436
1624485600,0.010486434795444845
1624572000,-0.09406067169517242
1624658400,0.011012994459701681
1624744800,0.07838152952069911
1624831200,0.05081613144933302
1624917600,0.03565845280707437
1625004000,0.051959211189232676
1625090400,-0.07520397469779118
1625176800,0.021422572620241113
1625263200,0.031933444889644544
1625349600,0.04333207935976048
1625436000,-0.056243773688578455
1625522400,0.05602853199284823
1625608800,-0.002651269311674416
1625695200,-0.08856778653458589
1625781600,0.012034527855335432
1625868000,-0.01633577239238358
1625954400,0.013283432230504938
1626040800,-0.04996200061733582
1626127200,-0.04748100571818164
1626213600,0.027404544688083645
1626300000,-0.03959257870109499
1626386400,-0.020557132841272394
1626472800,0.010476291336043355
1626559200,-0.0029337294152606457
1626645600,-0.04008093444474099
1626732000,-0.01775782344916134
1626818400,0.11037070314758197
1626904800,0.014973893076365796
1626991200,0.04775519906183098
1627077600,0.013210466566933107
1627164000,0.017477711551702937
1627250400,0.017985152107016223
1627336800,0.03121396960795205
1627423200,-0.0004826790082686595
1627509600,0.034969076134171884
1627596000,0.03305628659765248
1627682400,0.028537086702883265
1627768800,0.009448975856408847
1627855200,0.020065464552614973
1627941600,-0.03965178103473801
1628028000,0.08362764413577047
1628114400,0.03671551517438246
1628200800,0.021768891192157563
1628287200,0.08887966499577575
1628373600,-0.047311365794010435
1628460000,0.04887126315078302
1628546400,-0.0070499241804439046
1628632800,0.007280696208737102
1628719200,-0.03868527432082052
1628805600,0.08765213201308866
1628892000,-0.017531631091309747
1628978400,0.013441929554661154
1629064800,-0.049950598702790706
1629151200,-0.04319562567841447
1629237600,0.0007726117811366263
1629324000,0.05416264373937411
1629410400,0.03073036343907729
1629496800,-0.01851571833299417
1629583200,0.004561597100685276
1629669600,0.024639141950447006
1629756000,-0.045051706046212406
1629842400,0.01714976710512248
1629928800,-0.04259315148645126
1630015200,0.056568121031475974
1630101600,-0.009107877637127339
1630188000,-0.006724367518484165
1630274400,0.001088738489295067
1630360800,0.06163530074053753
1630447200,0.11080136166062335
1630533600,-0.012217106589817901
1630620000,0.038878418918023766
1630706400,-0.013123393555567775
1630792800,0.016757266839023174
1630879200,-0.005943278519182518
1630965600,-0.1373768342007751
1631052000,0.020809571678600508
1631138400,-0.020695647017731533
1631224800,-0.0652462325622858
1631311200,0.018553029619044144
1631397600,0.04223462759779892
1631484000,-0.03698724267783319
1631570400,0.04301023829570001
1631656800,0.05200318884425463
1631743200,-0.011828030500317365
1631829600,-0.0490276252285103
1631916000,0.010920979051379228
1632002400,-0.031591268197103915
1632088800,-0.11211108689915675
1632175200,-0.07481566513139647
1632261600,0.10842730510489205
1632348000,0.024120449701601026
1632434400,-0.07381475829602238
1632520800,-0.002057726426453737
1632607200,0.047104794560894156
1632693600,-0.04584299494436426
1632780000,-0.04150227944570416
1632866400,0.015629128586032104
1632952800,0.0509637643839662
1633039200,0.09787637896293978
1633125600,0.023840725455589747
1633212000,0.008336430253720611
1633298400,-0.010129140871512406
1633384800,0.03894894760226984
1633471200,0.016397577483367985
1633557600,0.002957520298142805
1633644000,-0.007439764940441126
1633730400,0.0041437646380597555
1633816800,-0.04555509712333211
1633903200,0.03736880733045941
1633989600,-0.015682002578993604
1634076000,0.033080943236608006
1634162400,0.04952016691758713
1634248800,0.01997895978823114
1634335200,-0.010228240629459881
1634421600,0.004670920336655759
1634508000,-0.025780197063419285
1634594400,0.03388927707798788
1634680800,0.07048371944299169
1634767200,-0.02574511717198071
1634853600,-0.020740671953126292
1634940000,0.04863737590931747
1635026400,-0.020857190852879983
1635112800,0.033033142975049765
1635199200,-0.021657414655875465
1635285600,-0.051574876288220224
1635372000,0.08851333497639481
1635458400,0.029616125406111585
1635544800,-0.021307486060101286
1635631200,-0.007688047337328363
1635721200,0.0077343355974767705
1635807600,0.05956912548640411
1635894000,0.003515355258700675
1635980400,-0.014687283844572734
1636066800,-0.013342987334427446
1636153200,0.009421400685067654
1636239600,0.020746859450632416
1636326000,0.0416856171890549
1636412400,-0.01604820919362243
1636498800,-0.02088511998007338
1636585200,0.018566204768265385
1636671600,-0.011410216057559841
1636758000,-0.004875481096379115
1636844400,-0.004103477096298506
1636930800,-0.013628011541552389
1637017200,-0.0809504213281055
1637103600,0.01946634258289206
1637190000,-0.06973008823332817
1637276400,0.07078991496352845
1637362800,0.02606221763769473
1637449200,-0.03244980707074204
1637535600,-0.0433651068113931
1637622000,0.06012837150491217
1637708400,-0.015484818510321293
1637794800,0.056135839733562176
1637881200,-0.11368854917861614
1637967600,0.014828061919041789
1638054000,0.04819457430849391
1638140400,0.03346688844864781
1638226800,0.04093992005716663
1638313200,-0.009904359864655812
1638399600,-0.015474936623380554
1638486000,-0.0672707248781555
1638572400,-0.022976620764522726
1638658800,0.017153046231040595
1638745200,0.03709081231020975
1638831600,-0.01067629497510637
1638918000,0.029434276095604315
1639004400,-0.07683362970211888
1639090800,-0.05099236374863813
1639177200,0.043164233810325026
1639263600,0.013675610089938615
1639350000,-0.08847120136979907
1639436400,0.020831551790963226
1639522800,0.04002417275197266
1639609200,-0.01570270458731611
1639695600,-0.019995790604780607
1639782000,0.02080676021260397
1639868400,-0.008748123365437666
1639954800,0.0034231367049761758
1640041200,0.019557175557953162
1640127600,-0.00926704922220302
1640214000,0.0322908564610842
1640300400,-0.01637364215946066
1640386800,0.012228952636213253
1640473200,-0.007816669083867304
1640559600,-0.00618216704117893
1640646000,-0.06250173554392705
1640732400,-0.04414959230643945
1640818800,0.022253729247432498
1640905200,-0.008587624620895552
1640991600,0.02359745795082778
1641078000,0.017113922352059382
1641164400,-0.017493740973315585
1641250800,0.006693380351353584
1641337200,-0.06928281076574432
1641423600,-0.036898432804678825
1641510000,-0.06437400869993277
1641596400,-0.03674801925589665
1641682800,0.022561595927026442
1641769200,-0.020806654636939013
1641855600,0.0482308513300149
1641942000,0.040254921361829635
1642028400,-0.04021168426192029
1642114800,0.021348426767541243
1642201200,0.005979847948598557
1642287600,0.005648522059493713
1642374000,-0.04187349254076848
1642460400,-0.015448929599106006
1642546800,-0.02450553454129915
1642633200,-0.025929574676143135
1642719600,-0.15577666710931812
1642806000,-0.06373587414782296
1642892400,0.05181108347911518
1642978800,-0.04007103974707685
1643065200,0.006964601091974759
1643151600,0.0013578673002804902
1643238000,-0.015043048102301438
1643324400,0.04881255291943947
1643410800,0.021015276012030067
1643497200,0.0010571252178531536
1643583600,0.03178207565878659
1643670000,0.03666481807056112
1643756400,-0.03883329699892164
1643842800,0.004391685200582442
1643929200,0.10635934820927029
1644015600,0.006264166402947731
1644102000,0.013967255122397186
1644188400,0.02710780892890056
1644274800,-0.007768506762407627
1644361200,0.04017837370215062
1644447600,-0.05441651484513795
1644534000,-0.04808025321854975
1644620400,-0.003603249899632647
1644706800,-0.01619083810255888
1644793200,0.02036776642337216
1644879600,0.08282787819484115
1644966000,-0.020114403056505647
1645052400,-0.07483038112287721
1645138800,-0.040357352635917186
1645225200,-0.005682479207179132
1645311600,-0.053695420486095276
1645398000,-0.019059428131278373
1645484400,0.025456618601258443
1645570800,-0.02223984510781256
1645657200,0.007099999485660752
1645743600,0.06378313870105114
1645830000,0.0034015785374917223
1645916400,-0.05958040961917482
1646002800,0.11066301979546711
1646089200,0.018076856482617105
1646175600,-0.009681062281274902
1646262000,-0.03882501792137523
1646348400,-0.07801559870088778
1646434800,0.016367051756365367
1646521200,-0.04450360633284706
1646607600,-0.02255977847693589
1646694000,0.033409159565114796
1646780400,0.056472682966316634
1646866800,-0.04517177619515599
1646953200,-0.019189272371361945
1647039600,0.005009022012581668
1647126000,-0.02085968823984767
1647212400,0.028419182284189087
1647298800,0.010805351417914067
1647385200,0.05807577191321614
1647471600,0.013730405833462673
1647558000,0.04432884728922521
1647644400,0.003450105974540831
1647730800,-0.030365691935303984
1647817200,0.01040799756450645
1647903600,0.02662037637746716
1647990000,0.022139651097350294
1648076400,0.023801155107749914
1648162800,-0.0018478105168147202
1648249200,0.01360125423567782
1648335600,0.04689011298685389
1648418400,0.009761004213936011
1648504800,0.021545059058328094
1648591200,-0.004788201612898278
1648677600,-0.030983328643496455
1648764000,0.05160430364555266
1648850400,-0.004012460228708067
1648936800,0.022621968101906146
1649023200,-0.00019598069226871984
1649109600,-0.03280989644394318
1649196000,-0.07216847665806986
1649282400,0.018523852606115655
1649368800,-0.010870806143898914
1649455200,0.020275655535431533
1649541600,-0.017802144438893955
1649628000,-0.0723763342434295
1649714400,0.016305306339244836
1649800800,0.0291907180992889
1649887200,-0.03094963463725897
1649973600,0.006622781028309091
1650060000,0.0055565077719124814
1650146400,-0.023119377750024175
1650232800,0.02203345215349942
1650319200,0.01506122515771369
1650405600,-0.008296707401337356
1650492000,-0.030505654905482696
1650578400,-0.007045657577530715
1650664800,-0.010551591560665438
1650751200,-0.003372096814507892
1650837600,0.028345017745887782
1650924000,-0.06728965959327582
1651010400,0.027573021703909992
1651096800,0.016485096972775205
1651183200,-0.04184027121128577
1651269600,-0.03228367754849473
1651356000,0.03552340206379869
1651442400,0.010634035522197811
1651528800,-0.02644598094408853
1651615200,0.055668083320832805
1651701600,-0.06797079974856984
1651788000,-0.020065595633599095
1651874400,-0.02133725541072307
1651960800,-0.045023032471719376
1652047200,-0.12265304841915164
1652133600,0.049535436051977716
1652220000,-0.11838572331987673
1652306400,-0.06217330958929715
1652392800,0.027326544174965207
1652479200,0.023007387462817105
1652565600,0.042632153083658426
1652652000,-0.058993448918175914
1652738400,0.03316241630509785
1652824800,-0.08949679764985134
1652911200,0.054558151185031864
1652997600,-0.02990278564953245
1653084000,0.00776121629940859
1653170400,0.033883155999711125
1653256800,-0.03499256455564054
1653343200,0.0032487605365140457
1653429600,-0.018581658782584706
1653516000,-0.08006243772356134
1653602400,-0.03930324045146248
1653688800,0.0388905358361404
1653775200,0.011580057527803202
1653861600,0.09708511956978717
1653948000,-0.028766655877986647
1654034400,-0.0658347292152752
1654120800,0.009072778109161649
1654207200,-0.03288448710961501
1654293600,0.0162477105246537
1654380000,0.0012960113470379057
1654466400,0.02906359963091504
1654552800,-0.025191126604125976
1654639200,-0.011489790139449493
1654725600,-0.00275896138771874
1654812000,-0.07249600663859576
1654898400,-0.08243981703992745
1654984800,-0.0647100542214557
1655071200,-0.17362085573860453
1655157600,0.0034498340323057685
1655244000,0.022118218190007807
1655330400,-0.14718611500010298
1655416800,0.01668747191736512
1655503200,-0.08733357308095654
1655589600,0.12519150234548637
1655676000,-6.203721348569088e-05
1655762400,-0.0020937956794920476
1655848800,-0.07077961009848067
1655935200,0.0868405680739426
1656021600,0.06826837040945517
1656108000,0.01356439463095318
1656194400,-0.0358511870077461
1656280800,-0.00601960065733663
1656367200,-0.04015427162107581
1656453600,-0.03964004282301252
1656540000,-0.028094222380668322
1656626400,-0.009501995843460051
1656712800,0.007207611393972474
1656799200,0.006988462023939621
1656885600,0.06933170875707985
1656972000,-0.01513317196972698
1657058400,0.045302637259972404
1657144800,0.04265267483350879
1657231200,-0.01778020178353549
1657317600,0.000501382923209296
1657404000,-0.041603288579502656
1657490400,-0.06267677530061465
1657576800,-0.05422430904567356
1657663200,0.07176338430363915
1657749600,0.06666304280741865
1657836000,0.031589651921827236
1657922400,0.09674696749218713
1658008800,-0.01353433702990478
1658095200,0.1693754385914261
1658181600,-0.026386721429538147
1658268000,-0.014921266088097926
1658354400,0.0355556262618632
1658440800,-0.026254268739286258
1658527200,0.009570629973535952
1658613600,0.030868452531388826
1658700000,-0.10525693161509876
1658786400,0.008431391278337398
1658872800,0.1202141520685925
1658959200,0.053552035755898404
1659045600,-0.0030405213195401353
1659132000,-0.014517016533650708
1659218400,-0.009461055118851966
1659304800,-0.030152430785060552
1659391200,0.00084621568831634
1659477600,-0.008247317146700144
1659564000,-0.006908511765524618
1659650400,0.07823640505658272
1659736800,-0.027679874974988927
1659823200,0.005910545261153408
1659909600,0.04492650491954487
1659996000,-0.04345137469663079
1660082400,0.08478020761082694
1660168800,0.014366539339493294
1660255200,0.04031385599433725
1660341600,0.013128403055730337
1660428000,-0.024703956239283245
1660514400,-0.018173548268951744
1660600800,-0.012470541148922844
1660687200,-0.022917400168152417
1660773600,0.00669985580011092
1660860000,-0.1373862254868513
1660946400,-0.021274993345583203
1661032800,0.026709166328868876
1661119200,0.005238840949473772
1661205600,0.023174895790926138
1661292000,-0.004967600452482888
1661378400,0.023109551364963878
1661464800,-0.11706368751984378
1661551200,-0.011504306732361667
1661637600,-0.0442843896500097
1661724000,0.08488232279529459
1661810400,-0.019025652393400632
1661896800,0.02064742047567805
1661983200,0.01933448752773336
1662069600,-0.006416078603211132
1662156000,-0.011357048103321159
1662242400,0.013607994609388647
1662328800,0.023893801198962835
1662415200,-0.037309204166233366
1662501600,0.0449726905934043
1662588000,0.0032717008928493125
1662674400,0.05008113389305202
1662760800,0.0318188752204077
1662847200,-0.004207488748844625
1662933600,-0.029002851023060897
1663020000,-0.08632201865325952
1663106400,0.03950843647973583
1663192800,-0.10637043576451428
1663279200,-0.026581992770998205
1663365600,0.023964216928234115
1663452000,-0.09550015012118307
1663538400,0.03024195705028972
1663624800,-0.03902945237502265
1663711200,-0.05881737222663001
1663797600,0.06116474685012704
1663884000,0.0011452683590574516
1663970400,-0.008287507357539638
1664056800,-0.01741731950860054
1664143200,0.03253407044971781
1664229600,-0.006625944873071375
1664316000,0.006857769973289654
1664402400,-0.0009650452412546349
1664488800,-0.005516354740840306
1664575200,-0.012823358942886505
1664661600,-0.012518957031443534
